id,data,total_seguidores,novos_seguidores,unfollows,created_at,upload_id,source
b8550171-e5ce-4b3f-ade4-e7057fe096ea,2025-02-01,7960,0,0,2026-03-12 13:17:43.037922+00,,api
981798a5-c4dc-43bd-85f2-78b4bed6f288,2025-02-02,7960,0,0,2026-03-12 13:17:43.037922+00,,api
6504d68b-c2e0-40b9-9928-f8607868b415,2025-02-03,7960,0,0,2026-02-09 17:19:09.597892+00,9bd62564-90b3-4cc9-b478-343b08d1e2a0,api
2a3752a0-1c05-448c-83b6-40f974e84ad8,2025-02-04,7960,0,0,2026-02-09 17:19:09.597892+00,9bd62564-90b3-4cc9-b478-343b08d1e2a0,api
771d40ec-521b-4a4d-b5a7-c0f1d43047ae,2025-02-05,7960,0,0,2026-03-12 13:17:43.037922+00,,api
4fe63d08-c8d6-46c9-a499-ca0c1db128a5,2025-02-06,7960,0,0,2026-02-09 17:19:09.597892+00,9bd62564-90b3-4cc9-b478-343b08d1e2a0,api
36954f61-34b8-45f2-93c9-eccd702fac14,2025-02-07,7960,0,0,2026-02-09 17:19:09.597892+00,9bd62564-90b3-4cc9-b478-343b08d1e2a0,api
a88e63e5-4a1d-4573-9f8c-a6a52c31e5fd,2025-02-08,7960,0,0,2026-02-09 17:19:09.597892+00,9bd62564-90b3-4cc9-b478-343b08d1e2a0,api
21fb77cd-3c23-4546-b584-92a4adbf893b,2025-02-09,7960,0,0,2026-02-09 17:19:09.597892+00,9bd62564-90b3-4cc9-b478-343b08d1e2a0,api
8aee6a68-37b6-4f6d-bcf6-4981520e48d5,2025-02-10,7960,0,0,2026-02-09 17:19:09.597892+00,9bd62564-90b3-4cc9-b478-343b08d1e2a0,api
bb60e255-d0f4-420a-b518-62f8fb80f1ee,2025-02-11,7960,0,0,2026-02-09 17:19:09.597892+00,9bd62564-90b3-4cc9-b478-343b08d1e2a0,api
c0f20c7f-43bf-452a-b7e3-4e2dccfbe88b,2025-02-12,7960,0,0,2026-02-09 17:19:09.597892+00,9bd62564-90b3-4cc9-b478-343b08d1e2a0,api
55122b41-4cd7-4b4b-b8d7-383ae4727774,2025-02-13,7960,0,0,2026-02-09 17:19:09.597892+00,9bd62564-90b3-4cc9-b478-343b08d1e2a0,api
ce256ffe-74fb-4236-b7f5-24d0864e82bc,2025-02-14,7960,0,0,2026-02-09 17:19:09.597892+00,9bd62564-90b3-4cc9-b478-343b08d1e2a0,api
77a10426-59c7-4703-a492-2645d5294bcf,2025-02-15,7960,0,0,2026-03-12 13:17:43.037922+00,,api
abf6813d-6d43-4971-a85a-4c784adb5b00,2025-02-16,7960,0,0,2026-03-12 13:17:43.037922+00,,api
cee7fde8-2452-4d48-92b4-3eaf25bd6db5,2025-02-17,7960,0,0,2026-02-09 17:19:09.597892+00,9bd62564-90b3-4cc9-b478-343b08d1e2a0,api
5fba17c7-b786-44ca-a8f7-3cbc07a28cd1,2025-02-18,7960,0,0,2026-02-09 17:19:09.597892+00,9bd62564-90b3-4cc9-b478-343b08d1e2a0,api
5377ca96-2c23-47ac-889c-92531976e158,2025-02-19,7960,0,0,2026-02-09 17:19:09.597892+00,9bd62564-90b3-4cc9-b478-343b08d1e2a0,api
3a179938-4219-4fdf-beb2-d30bf678e67c,2025-02-20,7960,0,0,2026-02-09 17:19:09.597892+00,9bd62564-90b3-4cc9-b478-343b08d1e2a0,api
964d19d3-e616-4466-9dfa-a4f8e5acf745,2025-02-21,7960,0,0,2026-02-09 17:19:09.597892+00,9bd62564-90b3-4cc9-b478-343b08d1e2a0,api
a689daad-e624-48e3-af58-d63c5a0d90ad,2025-02-22,7960,0,0,2026-02-09 17:19:09.597892+00,9bd62564-90b3-4cc9-b478-343b08d1e2a0,api
56d1122f-aa73-4da4-b6dc-0fcc5d70b95d,2025-02-23,7960,0,0,2026-02-09 17:19:09.597892+00,9bd62564-90b3-4cc9-b478-343b08d1e2a0,api
533ac7ac-bcec-4566-994e-8bc3bd617e62,2025-02-24,7960,0,0,2026-02-09 17:19:09.597892+00,9bd62564-90b3-4cc9-b478-343b08d1e2a0,api
a24cbcf0-1195-4100-84f6-16d7f74e60c9,2025-02-25,7960,0,0,2026-02-09 17:19:09.597892+00,9bd62564-90b3-4cc9-b478-343b08d1e2a0,api
4660e089-0c1c-40da-a7bf-1907e116b4fb,2025-02-26,7960,0,0,2026-02-09 17:19:09.597892+00,9bd62564-90b3-4cc9-b478-343b08d1e2a0,api
eb1f9271-c0be-4a00-aba0-bbbba0b8978c,2025-02-27,7960,0,0,2026-02-09 17:19:09.597892+00,9bd62564-90b3-4cc9-b478-343b08d1e2a0,api
df2aaea8-9149-418d-86f2-7111a5bb0073,2025-02-28,6,0,0,2026-02-09 17:19:09.597892+00,9bd62564-90b3-4cc9-b478-343b08d1e2a0,csv
0e7cad4d-6669-4fde-a32e-e89256d19215,2025-03-01,7960,0,0,2026-02-09 17:19:09.597892+00,9bd62564-90b3-4cc9-b478-343b08d1e2a0,api
813e4303-e7c9-447f-b92c-98410c218a64,2025-03-02,7960,0,0,2026-02-09 17:19:09.597892+00,9bd62564-90b3-4cc9-b478-343b08d1e2a0,api
e8c25f8a-641a-4c95-bd82-b69e6dc5089e,2025-03-03,7960,0,0,2026-02-09 17:19:09.597892+00,9bd62564-90b3-4cc9-b478-343b08d1e2a0,api
b2c19f48-fe8b-45f0-8e37-b27534c21ea3,2025-03-04,7960,0,0,2026-02-09 17:19:09.597892+00,9bd62564-90b3-4cc9-b478-343b08d1e2a0,api
9e0da9bb-5283-4ead-8992-41959ecbc485,2025-03-05,7960,0,0,2026-02-09 17:19:09.597892+00,9bd62564-90b3-4cc9-b478-343b08d1e2a0,api
91807387-f6fc-4021-a1ab-583c432fd4ea,2025-03-06,7960,1,0,2026-02-09 17:19:09.597892+00,9bd62564-90b3-4cc9-b478-343b08d1e2a0,api
847fb3c0-2866-4272-bc1d-644992401e0a,2025-03-07,7960,1,0,2026-02-09 17:19:09.597892+00,9bd62564-90b3-4cc9-b478-343b08d1e2a0,api
2e2098c0-9089-4831-a7e2-0ce4b50f4067,2025-03-08,7960,2,0,2026-02-09 17:19:09.597892+00,9bd62564-90b3-4cc9-b478-343b08d1e2a0,api
14fe4014-d24d-4818-88cc-97011e8fc513,2025-03-09,7960,3,0,2026-02-09 17:19:09.597892+00,9bd62564-90b3-4cc9-b478-343b08d1e2a0,api
e77f6d35-7d57-40e3-a6b9-6d1e7af866ca,2025-03-10,7960,7,0,2026-02-09 17:19:09.597892+00,9bd62564-90b3-4cc9-b478-343b08d1e2a0,api
13db7eee-d24b-4872-8ba7-83d3305940d0,2025-03-11,7960,8,0,2026-02-09 17:19:09.597892+00,9bd62564-90b3-4cc9-b478-343b08d1e2a0,api
66fd2a41-ed27-4179-a62f-76666aa13a80,2025-03-12,7960,6,0,2026-02-09 17:19:09.597892+00,9bd62564-90b3-4cc9-b478-343b08d1e2a0,api
f9747b61-c1a0-4e40-94b4-f4355c3c9802,2025-03-13,7960,100,0,2026-02-09 17:19:09.597892+00,9bd62564-90b3-4cc9-b478-343b08d1e2a0,api
cc0c8734-b327-4236-88a0-a2105867384b,2025-03-14,7960,17,0,2026-02-09 17:19:09.597892+00,9bd62564-90b3-4cc9-b478-343b08d1e2a0,api
7d6f4361-d976-450d-8047-f73909fc91a5,2025-03-15,7960,2,0,2026-02-09 17:19:09.597892+00,9bd62564-90b3-4cc9-b478-343b08d1e2a0,api
fb593dca-f505-487c-8a2a-ea960b80a7c5,2025-03-16,7960,8,0,2026-02-09 17:19:09.597892+00,9bd62564-90b3-4cc9-b478-343b08d1e2a0,api
6af41a4d-8492-423b-aa78-2f39a012408c,2025-03-17,7960,8,0,2026-02-09 17:19:09.597892+00,9bd62564-90b3-4cc9-b478-343b08d1e2a0,api
74033faf-640b-49bb-a086-7935a331860c,2025-03-18,7960,5,0,2026-02-09 17:19:09.597892+00,9bd62564-90b3-4cc9-b478-343b08d1e2a0,api
0397c41b-b305-48d7-bcaf-00fdba90f8d2,2025-03-19,7960,12,0,2026-02-09 17:19:09.597892+00,9bd62564-90b3-4cc9-b478-343b08d1e2a0,api
4a0378c0-f66e-4384-ab14-127d0a750c6e,2025-03-20,7960,6,0,2026-02-09 17:19:09.597892+00,9bd62564-90b3-4cc9-b478-343b08d1e2a0,api
f61f031d-38cf-4e3c-a956-2db86958e5fd,2025-03-21,7960,10,0,2026-02-09 17:19:09.597892+00,9bd62564-90b3-4cc9-b478-343b08d1e2a0,api
3d5fba75-aae3-4293-abba-500395af9022,2025-03-22,7960,8,0,2026-02-09 17:19:09.597892+00,9bd62564-90b3-4cc9-b478-343b08d1e2a0,api
6270164e-b94a-4622-9502-3aa1b4ea0540,2025-03-23,7960,7,0,2026-02-09 17:19:09.597892+00,9bd62564-90b3-4cc9-b478-343b08d1e2a0,api
1d0d5949-c50c-4dcc-a503-d5dace70ae2b,2025-03-24,7960,14,0,2026-02-09 17:19:09.597892+00,9bd62564-90b3-4cc9-b478-343b08d1e2a0,api
8d9aa8a2-283b-4084-b223-3f409bc54666,2025-03-25,7960,4,0,2026-02-09 17:19:09.597892+00,9bd62564-90b3-4cc9-b478-343b08d1e2a0,api
ab351410-36a7-4e1c-9ec0-5d950cc7079b,2025-03-26,7960,14,0,2026-02-09 17:19:09.597892+00,9bd62564-90b3-4cc9-b478-343b08d1e2a0,api
ae014d8e-9cef-4d52-972a-25a1c79c8e5f,2025-03-27,7960,11,0,2026-02-09 17:19:09.597892+00,9bd62564-90b3-4cc9-b478-343b08d1e2a0,api
913e695b-a6ae-4bc3-b907-03eea631edd1,2025-03-28,7960,12,0,2026-02-09 17:19:09.597892+00,9bd62564-90b3-4cc9-b478-343b08d1e2a0,api
6fca2ee0-52d6-47b6-a86d-540eb50023a2,2025-03-29,7960,13,0,2026-02-09 17:19:09.597892+00,9bd62564-90b3-4cc9-b478-343b08d1e2a0,api
61c46ecb-6744-4f49-9d9e-d18e588b2fd6,2025-03-30,7960,9,0,2026-02-09 17:19:09.597892+00,9bd62564-90b3-4cc9-b478-343b08d1e2a0,api
f55f5df9-8c7a-406a-b69e-9ce2fef0baa6,2025-03-31,5,5,0,2026-02-09 17:19:09.597892+00,9bd62564-90b3-4cc9-b478-343b08d1e2a0,csv
85880944-ec28-4a11-81c2-dd8452797762,2025-04-01,7960,4,0,2026-02-09 17:19:09.597892+00,9bd62564-90b3-4cc9-b478-343b08d1e2a0,api
115973bb-eaaa-455b-a916-00e0ac7796c1,2025-04-02,7960,21,0,2026-02-09 17:19:09.597892+00,9bd62564-90b3-4cc9-b478-343b08d1e2a0,api
156a6c62-3f3c-4d90-9372-5cde6846b686,2025-04-03,7960,18,0,2026-02-09 17:19:09.597892+00,9bd62564-90b3-4cc9-b478-343b08d1e2a0,api
9d0565d8-b0aa-4540-b933-9f21e4033842,2025-04-04,7960,11,0,2026-02-09 17:19:09.597892+00,9bd62564-90b3-4cc9-b478-343b08d1e2a0,api
3309ee78-cd8f-4d88-9498-393e57a83707,2025-04-05,7960,6,0,2026-02-09 17:19:09.597892+00,9bd62564-90b3-4cc9-b478-343b08d1e2a0,api
0de827b6-0170-404d-8b69-0902266ed97c,2025-04-06,7960,9,0,2026-02-09 17:19:09.597892+00,9bd62564-90b3-4cc9-b478-343b08d1e2a0,api
f7f8d56a-5492-4dbd-8bb9-aaed40633088,2025-04-07,7960,13,0,2026-02-09 17:19:09.597892+00,9bd62564-90b3-4cc9-b478-343b08d1e2a0,api
8cb7f5ff-72b7-4396-ad7f-c756d7c8dd5b,2025-04-08,7960,10,0,2026-02-09 17:19:09.597892+00,9bd62564-90b3-4cc9-b478-343b08d1e2a0,api
bac8ab89-740c-4ab2-a046-cae6d6833ee3,2025-04-09,7960,8,0,2026-02-09 17:19:09.597892+00,9bd62564-90b3-4cc9-b478-343b08d1e2a0,api
f0f44b17-6e0c-4aeb-beb7-667ed953c337,2025-04-10,7960,9,0,2026-02-09 17:19:09.597892+00,9bd62564-90b3-4cc9-b478-343b08d1e2a0,api
9ce86ab6-ffa4-4d56-9a9b-eed9e5bfa86f,2025-04-11,7960,4,0,2026-02-09 17:19:09.597892+00,9bd62564-90b3-4cc9-b478-343b08d1e2a0,api
f263acfc-15b4-43f1-bed5-a906cae49e96,2025-04-12,7960,117,0,2026-02-09 17:19:09.597892+00,9bd62564-90b3-4cc9-b478-343b08d1e2a0,api
6ea5dd7b-c28b-4a49-86ca-75be518a7407,2025-04-13,7960,26,0,2026-02-09 17:19:09.597892+00,9bd62564-90b3-4cc9-b478-343b08d1e2a0,api
813f18b5-a00c-48eb-9a6c-db1c288ae6dc,2025-04-14,7960,5,0,2026-02-09 17:19:09.597892+00,9bd62564-90b3-4cc9-b478-343b08d1e2a0,api
41682f3b-a2b6-4a48-aba1-781abbdd1ad4,2025-04-15,7960,10,0,2026-02-09 17:19:09.597892+00,9bd62564-90b3-4cc9-b478-343b08d1e2a0,api
63c6a0ca-667c-4660-bc3d-572d1a2a82b3,2025-04-16,7960,7,0,2026-02-09 17:19:09.597892+00,9bd62564-90b3-4cc9-b478-343b08d1e2a0,api
74a04e86-469d-4f5e-9230-2f7e933f9116,2025-04-17,7960,8,0,2026-02-09 17:19:09.597892+00,9bd62564-90b3-4cc9-b478-343b08d1e2a0,api
9f60a661-635a-4fd4-9b98-4ffb5691c432,2025-04-18,7960,1,0,2026-02-09 17:19:09.597892+00,9bd62564-90b3-4cc9-b478-343b08d1e2a0,api
c792539f-9883-4ecf-9fb9-4108bd105f29,2025-04-19,7960,1,0,2026-02-09 17:19:09.597892+00,9bd62564-90b3-4cc9-b478-343b08d1e2a0,api
18f5a897-3dae-434e-bc65-ea0f9ee0290d,2025-04-20,7960,2,0,2026-02-09 17:19:09.597892+00,9bd62564-90b3-4cc9-b478-343b08d1e2a0,api
b9d4f74d-99e3-4d1f-96ff-7d61ff457de5,2025-04-21,7960,8,0,2026-02-09 17:19:09.597892+00,9bd62564-90b3-4cc9-b478-343b08d1e2a0,api
6fb42f5c-8866-4048-a887-711e190bfcac,2025-04-22,7960,5,0,2026-02-09 17:19:09.597892+00,9bd62564-90b3-4cc9-b478-343b08d1e2a0,api
73954223-2ff4-47f6-ba52-00ba5cfd96da,2025-04-23,7960,13,0,2026-02-09 17:19:09.597892+00,9bd62564-90b3-4cc9-b478-343b08d1e2a0,api
0636122c-17db-4fb8-8d95-4de0860f9740,2025-04-24,7960,7,0,2026-02-09 17:19:09.597892+00,9bd62564-90b3-4cc9-b478-343b08d1e2a0,api
19c8ca60-82ee-4ce3-a5f6-a36b6e962b68,2025-04-25,7960,11,0,2026-02-09 17:19:09.597892+00,9bd62564-90b3-4cc9-b478-343b08d1e2a0,api
9354f22c-884c-46ba-b142-1e3f53d24bbf,2025-04-26,7960,5,0,2026-02-09 17:19:09.597892+00,9bd62564-90b3-4cc9-b478-343b08d1e2a0,api
b4f0c720-2f24-4582-b619-a9cd65e02cf6,2025-04-27,7960,2,0,2026-02-09 17:19:09.597892+00,9bd62564-90b3-4cc9-b478-343b08d1e2a0,api
6c1d8a57-9ca8-4a28-93c7-e699d7eb3901,2025-04-28,7960,2,0,2026-02-09 17:19:09.597892+00,9bd62564-90b3-4cc9-b478-343b08d1e2a0,api
c2786a0a-96b3-48a7-810b-9fa30708c3ed,2025-04-29,7960,0,0,2026-03-12 13:31:54.211858+00,,api
3567ad7a-2680-4ec3-a90e-0763eef50e1e,2025-04-30,4,4,0,2026-02-09 17:19:09.597892+00,9bd62564-90b3-4cc9-b478-343b08d1e2a0,csv
670df4d0-b184-4a1a-a653-af94595db69f,2025-05-01,7960,2,0,2026-02-09 17:19:09.597892+00,9bd62564-90b3-4cc9-b478-343b08d1e2a0,api
f4d88da9-a149-41dd-a876-6c96e80e2c97,2025-05-02,7960,1,0,2026-02-09 17:19:09.597892+00,9bd62564-90b3-4cc9-b478-343b08d1e2a0,api
49c5b5c3-577a-430f-9091-a650d4674ea4,2025-05-03,7960,4,0,2026-02-09 17:19:09.597892+00,9bd62564-90b3-4cc9-b478-343b08d1e2a0,api
0708bde3-454c-4d0f-a55a-e61db040afd5,2025-05-04,7960,3,0,2026-02-09 17:19:09.597892+00,9bd62564-90b3-4cc9-b478-343b08d1e2a0,api
cfc20491-2bde-498f-a6ad-0724ce2a5066,2025-05-05,7960,11,0,2026-02-09 17:19:09.597892+00,9bd62564-90b3-4cc9-b478-343b08d1e2a0,api
ecc4447f-7f18-4e11-aa62-d81615824939,2025-05-06,7960,9,0,2026-02-09 17:19:09.597892+00,9bd62564-90b3-4cc9-b478-343b08d1e2a0,api
62c4dcfb-a8c5-42df-bd9e-c9aaedc50d82,2025-05-07,7960,10,0,2026-02-09 17:19:09.597892+00,9bd62564-90b3-4cc9-b478-343b08d1e2a0,api
10cd1953-f356-4969-a45c-dd39daf8d171,2025-05-08,7960,9,0,2026-02-09 17:19:09.597892+00,9bd62564-90b3-4cc9-b478-343b08d1e2a0,api
35e57d99-eff7-4e10-827e-c0e7a0b9d9e9,2025-05-09,7960,12,0,2026-02-09 17:19:09.597892+00,9bd62564-90b3-4cc9-b478-343b08d1e2a0,api
dd1db00f-0245-48d0-8990-ca4a30ac5e3f,2025-05-10,7960,10,0,2026-02-09 17:19:09.597892+00,9bd62564-90b3-4cc9-b478-343b08d1e2a0,api
b474d89c-0f5d-4725-9602-eab810d22131,2025-05-11,7960,6,0,2026-02-09 17:19:09.597892+00,9bd62564-90b3-4cc9-b478-343b08d1e2a0,api
e55acd5c-d8c8-4703-8757-449470b115c3,2025-05-12,7960,12,0,2026-02-09 17:19:09.597892+00,9bd62564-90b3-4cc9-b478-343b08d1e2a0,api
460c7ab9-255d-4453-bd6b-12d682e61fd6,2025-05-13,7960,16,0,2026-02-09 17:19:09.597892+00,9bd62564-90b3-4cc9-b478-343b08d1e2a0,api
c5faff72-aa2a-4f51-80cb-d662c4ba9bf3,2025-05-14,7960,19,0,2026-02-09 17:19:09.597892+00,9bd62564-90b3-4cc9-b478-343b08d1e2a0,api
68ae0ee3-c2b3-4477-9531-0b43f7e4a9e0,2025-05-15,7960,45,0,2026-02-09 17:19:09.597892+00,9bd62564-90b3-4cc9-b478-343b08d1e2a0,api
4917bdfc-8248-4b10-90d4-2beedbac3edf,2025-05-16,7960,18,0,2026-02-09 17:19:09.597892+00,9bd62564-90b3-4cc9-b478-343b08d1e2a0,api
d52f1171-ae75-4e8a-9108-18a84bc1a1f2,2025-05-17,7960,18,0,2026-02-09 17:19:09.597892+00,9bd62564-90b3-4cc9-b478-343b08d1e2a0,api
118983cf-32e3-4e55-86f7-e1bcd3d1a890,2025-05-18,7960,12,0,2026-02-09 17:19:09.597892+00,9bd62564-90b3-4cc9-b478-343b08d1e2a0,api
87203485-85a2-40c3-aad1-9c2ec8e4c7ae,2025-05-19,7960,10,0,2026-02-09 17:19:09.597892+00,9bd62564-90b3-4cc9-b478-343b08d1e2a0,api
b34fa6f7-7c7b-42ec-bb74-5c39aea30c9a,2025-05-20,7960,14,0,2026-02-09 17:19:09.597892+00,9bd62564-90b3-4cc9-b478-343b08d1e2a0,api
43cb43b6-8942-4577-9270-cd2dfc42ceb6,2025-05-21,7960,14,0,2026-02-09 17:19:09.597892+00,9bd62564-90b3-4cc9-b478-343b08d1e2a0,api
cd455376-31f2-4796-a87e-fc9d9a325d3c,2025-05-22,7960,16,0,2026-02-09 17:19:09.597892+00,9bd62564-90b3-4cc9-b478-343b08d1e2a0,api
3d813e06-3029-4a19-b81f-eb2849486452,2025-05-23,7960,5,0,2026-02-09 17:19:09.597892+00,9bd62564-90b3-4cc9-b478-343b08d1e2a0,api
54c1015b-5de4-445b-a716-3ae02559ccb5,2025-05-24,7960,1,0,2026-02-09 17:19:09.597892+00,9bd62564-90b3-4cc9-b478-343b08d1e2a0,api
a3efe41b-b2b6-4556-919c-bdd152afcf13,2025-05-25,7960,1,0,2026-02-09 17:19:09.597892+00,9bd62564-90b3-4cc9-b478-343b08d1e2a0,api
10cf7e8a-a19a-4d6e-9dd2-e89d694b5624,2025-05-26,7960,24,0,2026-02-09 17:19:09.597892+00,9bd62564-90b3-4cc9-b478-343b08d1e2a0,api
514b4bf7-798d-46f7-9bcc-1de429d8238f,2025-05-27,7960,20,0,2026-02-09 17:19:09.597892+00,9bd62564-90b3-4cc9-b478-343b08d1e2a0,api
50583eb7-0acf-4365-b5a7-3c961f7a0e82,2025-05-28,7960,27,0,2026-02-09 17:19:09.597892+00,9bd62564-90b3-4cc9-b478-343b08d1e2a0,api
69379bd8-acd4-4fb7-9697-1b363d325fa6,2025-05-29,7960,8,0,2026-02-09 17:19:09.597892+00,9bd62564-90b3-4cc9-b478-343b08d1e2a0,api
7a4f1544-7a87-46a1-a883-e5a3ea7fb066,2025-05-30,7960,11,0,2026-02-09 17:19:09.597892+00,9bd62564-90b3-4cc9-b478-343b08d1e2a0,api
65e498fb-9350-463e-a9bf-6f4b3bd0505e,2025-05-31,9,9,0,2026-02-09 17:19:09.597892+00,9bd62564-90b3-4cc9-b478-343b08d1e2a0,csv
8b824063-fdd4-467e-9170-301e6bf89522,2025-06-01,7960,13,0,2026-02-09 17:19:09.597892+00,9bd62564-90b3-4cc9-b478-343b08d1e2a0,api
0f3bbe2b-5c8f-43ff-a554-27647d6a30c3,2025-06-02,7960,8,0,2026-02-09 17:19:09.597892+00,9bd62564-90b3-4cc9-b478-343b08d1e2a0,api
5d2f3c55-d978-4827-bbd1-b2500b0c3b49,2025-06-03,7960,10,0,2026-02-09 17:19:09.597892+00,9bd62564-90b3-4cc9-b478-343b08d1e2a0,api
ac2b8ef5-542a-43e1-97cb-e11e02cde7b3,2025-06-04,7960,10,0,2026-02-09 17:19:09.597892+00,9bd62564-90b3-4cc9-b478-343b08d1e2a0,api
a7da613f-d2bc-4bb5-b1d0-b479f4ac0dbd,2025-06-05,7960,32,0,2026-02-09 17:19:09.597892+00,9bd62564-90b3-4cc9-b478-343b08d1e2a0,api
b0dd8229-9cfc-40f6-9e3f-9f4dc14fbc23,2025-06-06,7960,39,0,2026-02-09 17:19:09.597892+00,9bd62564-90b3-4cc9-b478-343b08d1e2a0,api
887549a0-7aae-4777-a09b-e8e4f9edc2f8,2025-06-07,7960,24,0,2026-02-09 17:19:09.597892+00,9bd62564-90b3-4cc9-b478-343b08d1e2a0,api
2624147b-8f4e-4c6b-a036-788da46a0bb8,2025-06-08,7960,24,0,2026-02-09 17:19:09.597892+00,9bd62564-90b3-4cc9-b478-343b08d1e2a0,api
9bf78efe-6d99-4f08-bf38-54d1524e3681,2025-06-09,7960,16,0,2026-02-09 17:19:09.597892+00,9bd62564-90b3-4cc9-b478-343b08d1e2a0,api
b60a80f8-b4c5-4f6a-87c0-a55567baba10,2025-06-10,7960,11,0,2026-02-09 17:19:09.597892+00,9bd62564-90b3-4cc9-b478-343b08d1e2a0,api
cdad6707-de3b-47a3-b7c9-3db2317442a5,2025-06-11,7960,15,0,2026-02-09 17:19:09.597892+00,9bd62564-90b3-4cc9-b478-343b08d1e2a0,api
6a385554-23c4-43da-af8d-c4f7f0120571,2025-06-12,7960,16,0,2026-02-09 17:19:09.597892+00,9bd62564-90b3-4cc9-b478-343b08d1e2a0,api
9860619a-a7b7-4813-8bda-4ea8a68fc6a3,2025-06-13,7960,27,0,2026-02-09 17:19:09.597892+00,9bd62564-90b3-4cc9-b478-343b08d1e2a0,api
784c87b0-0db1-4057-ab51-8c69933e2cd6,2025-06-14,7960,12,0,2026-02-09 17:19:09.597892+00,9bd62564-90b3-4cc9-b478-343b08d1e2a0,api
31ab8a8f-4932-4ac0-80ae-2a2a5b406efa,2025-06-15,7960,8,0,2026-02-09 17:19:09.597892+00,9bd62564-90b3-4cc9-b478-343b08d1e2a0,api
83213e45-e120-4227-aaa2-89238fa70131,2025-06-16,7960,10,0,2026-02-09 17:19:09.597892+00,9bd62564-90b3-4cc9-b478-343b08d1e2a0,api
426785cb-77c3-44ef-8e82-7245aa9dedf7,2025-06-17,7960,16,0,2026-02-09 17:19:09.597892+00,9bd62564-90b3-4cc9-b478-343b08d1e2a0,api
6e13f606-8f34-4315-b318-68c55067b4d9,2025-06-18,7960,12,0,2026-02-09 17:19:09.597892+00,9bd62564-90b3-4cc9-b478-343b08d1e2a0,api
56be92d2-4a43-4a1e-b2ba-660e7f28a5b4,2025-06-19,7960,10,0,2026-02-09 17:19:09.597892+00,9bd62564-90b3-4cc9-b478-343b08d1e2a0,api
e119f39e-6f48-4a36-9bfb-558981ff96ca,2025-06-20,7960,7,0,2026-02-09 17:19:09.597892+00,9bd62564-90b3-4cc9-b478-343b08d1e2a0,api
d6f3d8cf-01e3-48f9-8be8-3e393e157f24,2025-06-21,7960,37,0,2026-02-09 17:19:09.597892+00,9bd62564-90b3-4cc9-b478-343b08d1e2a0,api
6c9b5611-12e4-402d-8ffa-f7d22eb894e4,2025-06-22,7960,21,0,2026-02-09 17:19:09.597892+00,9bd62564-90b3-4cc9-b478-343b08d1e2a0,api
045ed08c-07d0-4df6-9a64-bc95abc18cf2,2025-06-23,7960,8,0,2026-02-09 17:19:09.597892+00,9bd62564-90b3-4cc9-b478-343b08d1e2a0,api
7e07024b-ab7a-406b-b9a2-eb3d4cd7a719,2025-06-24,7960,14,0,2026-02-09 17:19:09.597892+00,9bd62564-90b3-4cc9-b478-343b08d1e2a0,api
27a6971d-6856-47c8-ab8a-fc493b136af4,2025-06-25,7960,12,0,2026-02-09 17:19:09.597892+00,9bd62564-90b3-4cc9-b478-343b08d1e2a0,api
c73ae8db-018c-4fe3-a68b-41f2cacb470f,2025-06-26,7960,9,0,2026-02-09 17:19:09.597892+00,9bd62564-90b3-4cc9-b478-343b08d1e2a0,api
79f18e20-b0ba-48b4-8594-53bcee71cfd0,2025-06-27,7960,4,0,2026-02-09 17:19:09.597892+00,9bd62564-90b3-4cc9-b478-343b08d1e2a0,api
43ef36b8-af3f-4648-92ae-a69dc2deb95e,2025-06-28,7960,11,0,2026-02-09 17:19:09.597892+00,9bd62564-90b3-4cc9-b478-343b08d1e2a0,api
b54f0b83-fa9d-4744-97d1-a4f6abbdd4b3,2025-06-29,7960,5,0,2026-02-09 17:19:09.597892+00,9bd62564-90b3-4cc9-b478-343b08d1e2a0,api
4c6bcca2-255c-4fb2-bc3c-3072ec9beebf,2025-06-30,1,1,0,2026-02-09 17:19:09.597892+00,9bd62564-90b3-4cc9-b478-343b08d1e2a0,csv
6464f588-8e7c-47b0-8d49-cab7b5e0da19,2025-07-01,7960,2,0,2026-02-09 17:19:09.597892+00,9bd62564-90b3-4cc9-b478-343b08d1e2a0,api
0e2210d3-2d89-4734-91b7-e20d6c0349e0,2025-07-02,7960,7,0,2026-02-09 17:19:09.597892+00,9bd62564-90b3-4cc9-b478-343b08d1e2a0,api
bd5bf988-aba0-4935-9a62-6b1d981e3215,2025-07-03,7960,6,0,2026-02-09 17:19:09.597892+00,9bd62564-90b3-4cc9-b478-343b08d1e2a0,api
4fdf0e15-e33d-4d7e-b911-8a3cb5aa4b61,2025-07-04,7960,36,0,2026-02-09 17:19:09.597892+00,9bd62564-90b3-4cc9-b478-343b08d1e2a0,api
47a05d5f-9dbf-4f2a-8568-e102ceda8d72,2025-07-05,7960,28,0,2026-02-09 17:19:09.597892+00,9bd62564-90b3-4cc9-b478-343b08d1e2a0,api
1a4ff52c-7f8a-4a4b-b739-511c0be97f4c,2025-07-06,7960,4,0,2026-02-09 17:19:09.597892+00,9bd62564-90b3-4cc9-b478-343b08d1e2a0,api
9a75aa11-fa00-4ec2-b12b-ae5f8f1b06ac,2025-07-07,7960,9,0,2026-02-09 17:19:09.597892+00,9bd62564-90b3-4cc9-b478-343b08d1e2a0,api
58785bc1-b93f-4b9b-955a-0df3cf54cb97,2025-07-08,7960,126,0,2026-02-09 17:19:09.597892+00,9bd62564-90b3-4cc9-b478-343b08d1e2a0,api
a52732e1-f341-4350-a8b6-fa634ad8cd86,2025-07-09,7960,92,0,2026-02-09 17:19:09.597892+00,9bd62564-90b3-4cc9-b478-343b08d1e2a0,api
a5e6f5f1-3550-4476-b13c-14b01dd2c9c9,2025-07-10,7960,18,0,2026-02-09 17:19:09.597892+00,9bd62564-90b3-4cc9-b478-343b08d1e2a0,api
4d5a7b37-95f6-488c-9c98-00167192bc82,2025-07-11,7960,15,0,2026-02-09 17:19:09.597892+00,9bd62564-90b3-4cc9-b478-343b08d1e2a0,api
59b96c09-42f9-4eb8-8ed6-bfb236ea06fb,2025-07-12,7960,7,0,2026-02-09 17:19:09.597892+00,9bd62564-90b3-4cc9-b478-343b08d1e2a0,api
045d118d-5f4e-47b6-a1e5-002e7d6eb9f8,2025-07-13,7960,6,0,2026-02-09 17:19:09.597892+00,9bd62564-90b3-4cc9-b478-343b08d1e2a0,api
b5046a98-d704-4357-9f6e-8a6c1a342a25,2025-07-14,7960,13,0,2026-02-09 17:19:09.597892+00,9bd62564-90b3-4cc9-b478-343b08d1e2a0,api
8d7ae2a7-bf05-489e-83fd-1f1de11037db,2025-07-15,7960,20,0,2026-02-09 17:19:09.597892+00,9bd62564-90b3-4cc9-b478-343b08d1e2a0,api
00963e52-78c5-4f62-bd93-cff831a811ce,2025-07-16,7960,16,0,2026-02-09 17:19:09.597892+00,9bd62564-90b3-4cc9-b478-343b08d1e2a0,api
696d880b-bab7-4f4c-925c-fc6e1f0b552d,2025-07-17,7960,16,0,2026-02-09 17:19:09.597892+00,9bd62564-90b3-4cc9-b478-343b08d1e2a0,api
78caada5-4519-45ff-a4f1-b4a29e6ad2a3,2025-07-18,7960,17,0,2026-02-09 17:19:09.597892+00,9bd62564-90b3-4cc9-b478-343b08d1e2a0,api
3ef186f7-c963-4da2-80b7-b33240fec93c,2025-07-19,7960,12,0,2026-02-09 17:19:09.597892+00,9bd62564-90b3-4cc9-b478-343b08d1e2a0,api
412ae937-8ae4-4acd-9e22-7316117e04d5,2025-07-20,7960,13,0,2026-02-09 17:19:09.597892+00,9bd62564-90b3-4cc9-b478-343b08d1e2a0,api
c7d3b4e2-0e43-47ff-9d9c-f370b9f150e9,2025-07-21,7960,15,0,2026-02-09 17:19:09.597892+00,9bd62564-90b3-4cc9-b478-343b08d1e2a0,api
9bd5b6b2-7b40-4bff-8798-b659c279ccbf,2025-07-22,7960,12,0,2026-02-09 17:19:09.597892+00,9bd62564-90b3-4cc9-b478-343b08d1e2a0,api
9e280af2-139d-41d6-bb46-f84e1ce30a5a,2025-07-23,7960,9,0,2026-02-09 17:19:09.597892+00,9bd62564-90b3-4cc9-b478-343b08d1e2a0,api
9aae10ac-b836-4393-9565-f9bcb4bfb5b1,2025-07-24,7960,12,0,2026-02-09 17:19:09.597892+00,9bd62564-90b3-4cc9-b478-343b08d1e2a0,api
55d1bc05-9416-4ead-87c0-945232a5cb41,2025-07-25,7960,6,0,2026-02-09 17:19:09.597892+00,9bd62564-90b3-4cc9-b478-343b08d1e2a0,api
6125d5c1-cd14-4639-bead-4a29ff8eccde,2025-07-26,7960,7,0,2026-02-09 17:19:09.597892+00,9bd62564-90b3-4cc9-b478-343b08d1e2a0,api
a5888e0e-48df-4c81-bbb0-544eb16d0d23,2025-07-27,7960,4,0,2026-02-09 17:19:09.597892+00,9bd62564-90b3-4cc9-b478-343b08d1e2a0,api
1d59db08-3aa2-40dc-957a-4adc3ed142f1,2025-07-28,7960,9,0,2026-02-09 17:19:09.597892+00,9bd62564-90b3-4cc9-b478-343b08d1e2a0,api
fda25bef-1a6e-43c7-9733-5e2ddb438de6,2025-07-29,7960,17,0,2026-02-09 17:19:09.597892+00,9bd62564-90b3-4cc9-b478-343b08d1e2a0,api
7f3dd4af-a7cd-4e5a-a953-5cd5fe1b45c7,2025-07-30,7960,16,0,2026-02-09 17:19:09.597892+00,9bd62564-90b3-4cc9-b478-343b08d1e2a0,api
55b7deed-06e8-43f7-a487-1fefee14ee4b,2025-07-31,16,16,0,2026-02-09 17:19:09.597892+00,9bd62564-90b3-4cc9-b478-343b08d1e2a0,csv
54141212-ab8b-48ca-a1d9-39903aed760e,2025-08-01,7960,14,0,2026-02-09 17:19:09.597892+00,9bd62564-90b3-4cc9-b478-343b08d1e2a0,api
6f274561-88a4-48e4-b46d-ef72cb6b11c6,2025-08-02,7960,6,0,2026-02-09 17:19:09.597892+00,9bd62564-90b3-4cc9-b478-343b08d1e2a0,api
eca50519-1dba-48ec-bc98-61df8ce81348,2025-08-03,7960,5,0,2026-02-09 17:19:09.597892+00,9bd62564-90b3-4cc9-b478-343b08d1e2a0,api
0734ef5d-910f-43cc-a0da-22e15267c7a8,2025-08-04,7960,12,0,2026-02-09 17:19:09.597892+00,9bd62564-90b3-4cc9-b478-343b08d1e2a0,api
7bbcd04d-0884-4f00-a07d-a68700ff03cd,2025-08-05,7960,5,0,2026-02-09 17:19:09.597892+00,9bd62564-90b3-4cc9-b478-343b08d1e2a0,api
001a3b80-4325-4f8e-84b7-82fbad77bfd1,2025-08-06,7960,4,0,2026-02-09 17:19:09.597892+00,9bd62564-90b3-4cc9-b478-343b08d1e2a0,api
74b80dd9-1c04-4509-84ea-4aee0bbd9561,2025-08-07,7960,9,0,2026-02-09 17:19:09.597892+00,9bd62564-90b3-4cc9-b478-343b08d1e2a0,api
2e43c7d4-da37-4095-8ddd-771f257d59ae,2025-08-08,7960,11,0,2026-02-09 17:19:09.597892+00,9bd62564-90b3-4cc9-b478-343b08d1e2a0,api
b25593f3-a9dd-409c-a249-5604c866150d,2025-08-09,7960,8,0,2026-02-09 17:19:09.597892+00,9bd62564-90b3-4cc9-b478-343b08d1e2a0,api
778e4523-3164-4b86-85c5-4fb2f146ad2e,2025-08-10,7960,14,0,2026-02-09 17:19:09.597892+00,9bd62564-90b3-4cc9-b478-343b08d1e2a0,api
ab31e23d-aed8-4068-8de0-da291e6c8845,2025-08-11,7960,11,0,2026-02-09 17:19:09.597892+00,9bd62564-90b3-4cc9-b478-343b08d1e2a0,api
e3ee78f9-b8ea-4e1d-9ee8-f2a439e7663d,2025-08-12,7960,43,0,2026-02-09 17:19:09.597892+00,9bd62564-90b3-4cc9-b478-343b08d1e2a0,api
8e169796-b43f-4317-b331-27b98ac554a0,2025-08-13,7960,43,0,2026-02-09 17:19:09.597892+00,9bd62564-90b3-4cc9-b478-343b08d1e2a0,api
934c0418-cb4b-42ea-845f-e56d62037d3d,2025-08-14,7960,132,0,2026-02-09 17:19:09.597892+00,9bd62564-90b3-4cc9-b478-343b08d1e2a0,api
743e60e4-d0fd-4727-84f9-86d458caaad0,2025-08-15,7960,155,0,2026-02-09 17:19:09.597892+00,9bd62564-90b3-4cc9-b478-343b08d1e2a0,api
9a50c9ad-4faa-4169-9bde-e3fdb2449467,2025-08-16,7960,69,0,2026-02-09 17:19:09.597892+00,9bd62564-90b3-4cc9-b478-343b08d1e2a0,api
abb97b44-1e7e-4a09-9fc6-83f87493e881,2025-08-17,7960,44,0,2026-02-09 17:19:09.597892+00,9bd62564-90b3-4cc9-b478-343b08d1e2a0,api
a39f8c9a-36f2-4de6-8b6f-fdd578407ca0,2025-08-18,7960,25,0,2026-02-09 17:19:09.597892+00,9bd62564-90b3-4cc9-b478-343b08d1e2a0,api
610102f5-5be5-4e0f-9cca-7a0e4d22a25a,2025-08-19,7960,31,0,2026-02-09 17:19:09.597892+00,9bd62564-90b3-4cc9-b478-343b08d1e2a0,api
12a2a657-d6bd-4c4a-a02b-1fc3eb9d99ed,2025-08-20,7960,22,0,2026-02-09 17:19:09.597892+00,9bd62564-90b3-4cc9-b478-343b08d1e2a0,api
0d076a44-4924-4958-9681-32fd1d4c8279,2025-08-21,7960,17,0,2026-02-09 17:19:09.597892+00,9bd62564-90b3-4cc9-b478-343b08d1e2a0,api
99404137-6873-46e8-a9b5-69385e01ed51,2025-08-22,7960,11,0,2026-02-09 17:19:09.597892+00,9bd62564-90b3-4cc9-b478-343b08d1e2a0,api
67efd1ab-f06e-4995-9738-a18a4f32b476,2025-08-23,7960,14,0,2026-02-09 17:19:09.597892+00,9bd62564-90b3-4cc9-b478-343b08d1e2a0,api
5f93ab2b-d475-4944-9306-749b538e151f,2025-08-24,7960,12,0,2026-02-09 17:19:09.597892+00,9bd62564-90b3-4cc9-b478-343b08d1e2a0,api
e40bcda9-ed96-4173-b8db-6f8f7986ea5e,2025-08-25,7960,16,0,2026-02-09 17:19:09.597892+00,9bd62564-90b3-4cc9-b478-343b08d1e2a0,api
bb4775d7-dbb2-4385-b113-8d947f358192,2025-08-26,7960,18,0,2026-02-09 17:19:09.597892+00,9bd62564-90b3-4cc9-b478-343b08d1e2a0,api
ac884231-4404-460a-8d2f-12a74e59f996,2025-08-27,7960,14,0,2026-02-09 17:19:09.597892+00,9bd62564-90b3-4cc9-b478-343b08d1e2a0,api
ceab9584-1fc1-48ae-9740-a1007206005a,2025-08-28,7960,22,0,2026-02-09 17:19:09.597892+00,9bd62564-90b3-4cc9-b478-343b08d1e2a0,api
5d936697-4f2a-4dfc-a44b-ecc93a6b1e5d,2025-08-29,7960,17,0,2026-02-09 17:19:09.597892+00,9bd62564-90b3-4cc9-b478-343b08d1e2a0,api
03cd04cb-1d79-4cb1-99e9-e58ddc3dd16a,2025-08-30,7960,10,0,2026-02-09 17:19:09.597892+00,9bd62564-90b3-4cc9-b478-343b08d1e2a0,api
41e05df2-c734-4ff0-af58-73938f6994c7,2025-08-31,6,6,0,2026-02-09 17:19:09.597892+00,9bd62564-90b3-4cc9-b478-343b08d1e2a0,csv
439101d6-485b-40b7-a343-85a6b448888c,2025-09-01,7960,21,0,2026-02-09 17:19:09.597892+00,9bd62564-90b3-4cc9-b478-343b08d1e2a0,api
921e33ef-ec05-4007-8b5c-43808b85fbd9,2025-09-02,7960,27,0,2026-02-09 17:19:09.597892+00,9bd62564-90b3-4cc9-b478-343b08d1e2a0,api
d5824ee1-681e-40b7-9418-fdb4d7417c52,2025-09-03,7960,10,0,2026-02-09 17:19:09.597892+00,9bd62564-90b3-4cc9-b478-343b08d1e2a0,api
5e030c46-b3b0-4a46-8a0e-be819e49d1fc,2025-09-04,7960,17,0,2026-02-09 17:19:09.597892+00,9bd62564-90b3-4cc9-b478-343b08d1e2a0,api
b21ddf74-ee12-4709-a088-051aa1ad3c76,2025-09-05,7960,14,0,2026-02-09 17:19:09.597892+00,9bd62564-90b3-4cc9-b478-343b08d1e2a0,api
77a18a49-9542-40cf-bedb-834061d6bf00,2025-09-06,7960,11,0,2026-02-09 17:19:09.597892+00,9bd62564-90b3-4cc9-b478-343b08d1e2a0,api
2bb9c283-1c38-4b08-9918-e6b7e4133ac0,2025-09-07,7960,11,0,2026-02-09 17:19:09.597892+00,9bd62564-90b3-4cc9-b478-343b08d1e2a0,api
5b30270c-6e4f-4968-9db9-45bd9819756a,2025-09-08,7960,20,0,2026-02-09 17:19:09.597892+00,9bd62564-90b3-4cc9-b478-343b08d1e2a0,api
1e774cc1-c56a-4b83-9fbc-92e65e6dcbce,2025-09-09,7960,24,0,2026-02-09 17:19:09.597892+00,9bd62564-90b3-4cc9-b478-343b08d1e2a0,api
f1c96c79-bb57-4749-aafa-912047961156,2025-09-10,7960,61,0,2026-02-09 17:19:09.597892+00,9bd62564-90b3-4cc9-b478-343b08d1e2a0,api
05cc86f7-fe3c-4d78-8d5e-ae5fcda4ee03,2025-09-11,7960,42,0,2026-02-09 17:19:09.597892+00,9bd62564-90b3-4cc9-b478-343b08d1e2a0,api
22379729-8354-431c-99a8-8df334258d38,2025-09-12,7960,25,0,2026-02-09 17:19:09.597892+00,9bd62564-90b3-4cc9-b478-343b08d1e2a0,api
31317a9b-6604-44e0-bb9d-0f28f671a444,2025-09-13,7960,32,0,2026-02-09 17:19:09.597892+00,9bd62564-90b3-4cc9-b478-343b08d1e2a0,api
b0212eca-7766-4cd9-b7e1-f61d905f3727,2025-09-14,7960,22,0,2026-02-09 17:19:09.597892+00,9bd62564-90b3-4cc9-b478-343b08d1e2a0,api
86a158c7-a0ed-4b43-916b-9c1deeb947b7,2025-09-15,7960,24,0,2026-02-09 17:19:09.597892+00,9bd62564-90b3-4cc9-b478-343b08d1e2a0,api
dc5ac9c2-4924-4846-aba9-e071d0e358c1,2025-09-16,7960,44,0,2026-02-09 17:19:09.597892+00,9bd62564-90b3-4cc9-b478-343b08d1e2a0,api
f3afcc75-c438-4b49-84f3-59de799011a5,2025-09-17,7960,35,0,2026-02-09 17:19:09.597892+00,9bd62564-90b3-4cc9-b478-343b08d1e2a0,api
e4d84683-24b9-4543-9162-22e4f11d8d19,2025-09-18,7960,23,0,2026-02-09 17:19:09.597892+00,9bd62564-90b3-4cc9-b478-343b08d1e2a0,api
5d429223-e85d-4913-a503-0fb2b4228848,2025-09-19,7960,28,0,2026-02-09 17:19:09.597892+00,9bd62564-90b3-4cc9-b478-343b08d1e2a0,api
9c107ed6-5d53-4659-b3bf-466bcc4459b4,2025-09-20,7960,34,0,2026-02-09 17:19:09.597892+00,9bd62564-90b3-4cc9-b478-343b08d1e2a0,api
e032b4d3-afe7-46ab-871e-476c367c5469,2025-09-21,7960,38,0,2026-02-09 17:19:09.597892+00,9bd62564-90b3-4cc9-b478-343b08d1e2a0,api
c5216f56-77df-4141-945d-9bff73b9f6ec,2025-09-22,7960,28,0,2026-02-09 17:19:09.597892+00,9bd62564-90b3-4cc9-b478-343b08d1e2a0,api
a0d61755-7f3f-4064-84ec-27c4c2cf19c1,2025-09-23,7960,33,0,2026-02-09 17:19:09.597892+00,9bd62564-90b3-4cc9-b478-343b08d1e2a0,api
8c98dbcb-f39b-4bb5-b9fb-9c179abe0fd8,2025-09-24,7960,20,0,2026-02-09 17:19:09.597892+00,9bd62564-90b3-4cc9-b478-343b08d1e2a0,api
43a857db-5164-428a-8de2-5b0ff1d30d52,2025-09-25,7960,26,0,2026-02-09 17:19:09.597892+00,9bd62564-90b3-4cc9-b478-343b08d1e2a0,api
488a6057-d56f-4337-8710-6f5670a2aa3f,2025-09-26,7960,36,0,2026-02-09 17:19:09.597892+00,9bd62564-90b3-4cc9-b478-343b08d1e2a0,api
8b9238f7-b841-4bb2-a438-b1b271911bca,2025-09-27,7960,28,0,2026-02-09 17:19:09.597892+00,9bd62564-90b3-4cc9-b478-343b08d1e2a0,api
6c80ea31-e97c-479d-910a-995b0c06a484,2025-09-28,7960,26,0,2026-02-09 17:19:09.597892+00,9bd62564-90b3-4cc9-b478-343b08d1e2a0,api
ba18740a-403b-43f9-afde-c6a39e08f43d,2025-09-29,7960,34,0,2026-02-09 17:19:09.597892+00,9bd62564-90b3-4cc9-b478-343b08d1e2a0,api
d6318e72-dee5-47d3-8061-aa833bcbc856,2025-09-30,13,13,0,2026-02-09 17:19:09.597892+00,9bd62564-90b3-4cc9-b478-343b08d1e2a0,csv
1122c3dc-c633-4163-8415-870e590f6bc5,2025-10-01,7960,15,0,2026-02-09 17:19:09.597892+00,9bd62564-90b3-4cc9-b478-343b08d1e2a0,api
6052ff49-4341-4fd0-a9e1-9601cb275957,2025-10-02,7960,30,0,2026-02-09 17:19:09.597892+00,9bd62564-90b3-4cc9-b478-343b08d1e2a0,api
c4b92f8d-87a6-4b39-a2bd-8d761bf3774b,2025-10-03,7960,16,0,2026-02-09 17:19:09.597892+00,9bd62564-90b3-4cc9-b478-343b08d1e2a0,api
5331b5be-e452-42bc-8ee9-30747629c6f8,2025-10-04,7960,17,0,2026-02-09 17:19:09.597892+00,9bd62564-90b3-4cc9-b478-343b08d1e2a0,api
34a61fb5-da87-47d4-add9-aa9bac26ef8a,2025-10-05,7960,38,0,2026-02-09 17:19:09.597892+00,9bd62564-90b3-4cc9-b478-343b08d1e2a0,api
8d9f0835-39c3-4f8e-955c-cc311b6134f1,2025-10-06,7960,32,0,2026-02-09 17:19:09.597892+00,9bd62564-90b3-4cc9-b478-343b08d1e2a0,api
5fe672c2-6eba-4b9d-9d3d-54b100eea325,2025-10-07,7960,24,0,2026-02-09 17:19:09.597892+00,9bd62564-90b3-4cc9-b478-343b08d1e2a0,api
3e14dd1d-f33d-420b-b80e-1a0e7dba1152,2025-10-08,7960,23,0,2026-02-09 17:19:09.597892+00,9bd62564-90b3-4cc9-b478-343b08d1e2a0,api
d7cabab4-7305-4665-8a19-f0dda1b1e1fe,2025-10-09,7960,26,0,2026-02-09 17:19:09.597892+00,9bd62564-90b3-4cc9-b478-343b08d1e2a0,api
1fd53461-ff03-4655-978c-a8eec02c7034,2025-10-10,7960,10,0,2026-02-09 17:19:09.597892+00,9bd62564-90b3-4cc9-b478-343b08d1e2a0,api
fb61fc3c-1344-4e3d-904d-1be837e19084,2025-10-11,7960,16,0,2026-02-09 17:19:09.597892+00,9bd62564-90b3-4cc9-b478-343b08d1e2a0,api
c89b966f-ce76-49f8-b38e-42e050d25624,2025-10-12,7960,40,0,2026-02-09 17:19:09.597892+00,9bd62564-90b3-4cc9-b478-343b08d1e2a0,api
9014971b-5625-44a6-9a2a-500be4893604,2025-10-13,7960,31,0,2026-02-09 17:19:09.597892+00,9bd62564-90b3-4cc9-b478-343b08d1e2a0,api
8759441a-b315-4ec1-a941-c032560ea3ce,2025-10-14,7960,27,0,2026-02-09 17:19:09.597892+00,9bd62564-90b3-4cc9-b478-343b08d1e2a0,api
ea423ae9-dfa8-4c4e-bbd2-32dde8476043,2025-10-15,7960,40,0,2026-02-09 17:19:09.597892+00,9bd62564-90b3-4cc9-b478-343b08d1e2a0,api
16cb5f2f-7aa1-41cf-a143-41787113463e,2025-10-16,7960,27,0,2026-02-09 17:19:09.597892+00,9bd62564-90b3-4cc9-b478-343b08d1e2a0,api
bfcb26ba-e249-4558-8dc4-8bd161da6b7f,2025-10-17,7960,27,0,2026-02-09 17:19:09.597892+00,9bd62564-90b3-4cc9-b478-343b08d1e2a0,api
ed68266e-005b-4fc9-b0cd-4c23641ab25d,2025-10-18,7960,13,0,2026-02-09 17:19:09.597892+00,9bd62564-90b3-4cc9-b478-343b08d1e2a0,api
4f885a86-7b83-416a-b8df-39b8ee3bc39b,2025-10-19,7960,20,0,2026-02-09 17:19:09.597892+00,9bd62564-90b3-4cc9-b478-343b08d1e2a0,api
bdb97304-2578-453c-ba69-13f24195eb23,2025-10-20,7960,24,0,2026-02-09 17:19:09.597892+00,9bd62564-90b3-4cc9-b478-343b08d1e2a0,api
7cc907b5-2f55-45f5-a5a7-ae45bb2963a8,2025-10-21,7960,30,0,2026-02-09 17:19:09.597892+00,9bd62564-90b3-4cc9-b478-343b08d1e2a0,api
eacf94df-4f61-4379-ba30-30a448013e6c,2025-10-22,7960,54,0,2026-02-09 17:19:09.597892+00,9bd62564-90b3-4cc9-b478-343b08d1e2a0,api
cba39fe5-4728-4a33-a634-97607cdc3e84,2025-10-23,7960,28,0,2026-02-09 17:19:09.597892+00,9bd62564-90b3-4cc9-b478-343b08d1e2a0,api
37f5313f-7685-4a7b-bf73-d98e722165db,2025-10-24,7960,16,0,2026-02-09 17:19:09.597892+00,9bd62564-90b3-4cc9-b478-343b08d1e2a0,api
892caf6b-82c8-4262-98cf-13a4e727b9f3,2025-10-25,7960,32,0,2026-02-09 17:19:09.597892+00,9bd62564-90b3-4cc9-b478-343b08d1e2a0,api
db041d9b-d078-47a4-9229-eb12a4d72ff4,2025-10-26,7960,15,0,2026-02-09 17:19:09.597892+00,9bd62564-90b3-4cc9-b478-343b08d1e2a0,api
6a792131-27a6-4e04-9545-a256345b26d3,2025-10-27,7960,43,0,2026-02-09 17:19:09.597892+00,9bd62564-90b3-4cc9-b478-343b08d1e2a0,api
2dc99865-28ec-47a0-bbd8-1384c0434c67,2025-10-28,7960,45,0,2026-02-09 17:19:09.597892+00,9bd62564-90b3-4cc9-b478-343b08d1e2a0,api
7049d127-79fa-4b6c-b968-800290772715,2025-10-29,7960,50,0,2026-02-09 17:19:09.597892+00,9bd62564-90b3-4cc9-b478-343b08d1e2a0,api
9864a265-182f-4a63-8221-55436327f71a,2025-10-30,7960,65,0,2026-02-09 17:19:09.597892+00,9bd62564-90b3-4cc9-b478-343b08d1e2a0,api
8ec37b0c-5c11-4b0d-9a1c-a33c32698db5,2025-10-31,41,41,0,2026-02-09 17:19:09.597892+00,9bd62564-90b3-4cc9-b478-343b08d1e2a0,csv
9a69d1bd-7993-44ed-8c46-d93a9068e36a,2025-11-01,7960,353,0,2026-02-09 17:19:09.597892+00,9bd62564-90b3-4cc9-b478-343b08d1e2a0,api
1c78eb85-33a4-40e0-8401-cda61ad1bca1,2025-11-02,7960,102,0,2026-02-09 17:19:09.597892+00,9bd62564-90b3-4cc9-b478-343b08d1e2a0,api
b42db903-3ac1-483f-a27f-32ca7e1b4d53,2025-11-03,7960,73,0,2026-02-09 17:19:09.597892+00,9bd62564-90b3-4cc9-b478-343b08d1e2a0,api
53693899-2fb2-4f6d-8caf-49a29477f02b,2025-11-04,7960,75,0,2026-02-09 17:19:09.597892+00,9bd62564-90b3-4cc9-b478-343b08d1e2a0,api
321b69d5-7314-4c3b-8e00-515f9d89cd7d,2025-11-05,7960,58,0,2026-02-09 17:19:09.597892+00,9bd62564-90b3-4cc9-b478-343b08d1e2a0,api
83b6e77b-b6fb-4143-bf08-5dcd47207c8b,2025-11-06,7960,99,0,2026-02-09 17:19:09.597892+00,9bd62564-90b3-4cc9-b478-343b08d1e2a0,api
08e781d5-2c7e-4144-be35-df79bdf416dd,2025-11-07,7960,73,0,2026-02-09 17:19:09.597892+00,9bd62564-90b3-4cc9-b478-343b08d1e2a0,api
7d3b1df9-2407-4463-b504-091f36e663e8,2025-11-08,7960,76,0,2026-02-09 17:19:09.597892+00,9bd62564-90b3-4cc9-b478-343b08d1e2a0,api
3fef569d-f4f0-479e-a093-f0f2ebc9a86b,2025-11-09,7960,47,0,2026-02-09 17:19:09.597892+00,9bd62564-90b3-4cc9-b478-343b08d1e2a0,api
1f7180f8-3bad-49b4-98c3-ed4157c397e7,2025-11-10,7960,70,0,2026-02-09 17:19:09.597892+00,9bd62564-90b3-4cc9-b478-343b08d1e2a0,api
41fb78e2-841f-487e-950e-6320b4c62be1,2025-11-11,7960,47,0,2026-02-09 17:19:09.597892+00,9bd62564-90b3-4cc9-b478-343b08d1e2a0,api
2531da03-43b9-49fe-84ca-2905d8fb49b2,2025-11-12,7960,38,0,2026-02-09 17:19:09.597892+00,9bd62564-90b3-4cc9-b478-343b08d1e2a0,api
4eb7c8a9-64ca-41f0-a9ba-2721228b4d72,2025-11-13,7960,22,0,2026-02-09 17:19:09.597892+00,9bd62564-90b3-4cc9-b478-343b08d1e2a0,api
42de96c3-8a4e-4d64-b30d-b77136325c29,2025-11-14,7960,68,0,2026-02-09 17:19:09.597892+00,9bd62564-90b3-4cc9-b478-343b08d1e2a0,api
03036bbb-363e-4d9f-8832-9926d6a36a04,2025-11-15,7960,57,0,2026-02-09 17:19:09.597892+00,9bd62564-90b3-4cc9-b478-343b08d1e2a0,api
bb82adf9-970e-483f-85a0-5419f79986d2,2025-11-16,7960,42,0,2026-02-09 17:19:09.597892+00,9bd62564-90b3-4cc9-b478-343b08d1e2a0,api
ab7d0693-235e-4cde-94d0-d7d210f1cb68,2025-11-17,7960,79,0,2026-02-09 17:19:09.597892+00,9bd62564-90b3-4cc9-b478-343b08d1e2a0,api
0562c68f-b842-4369-b7ce-060fac9da507,2025-11-18,7960,53,0,2026-02-09 17:19:09.597892+00,9bd62564-90b3-4cc9-b478-343b08d1e2a0,api
5c16d42d-b192-45bd-a83a-b7e807580ff6,2025-11-19,7960,35,0,2026-02-09 17:19:09.597892+00,9bd62564-90b3-4cc9-b478-343b08d1e2a0,api
9a080871-4966-493c-9424-e9fadb7cd83d,2025-11-20,7960,31,0,2026-02-09 17:19:09.597892+00,9bd62564-90b3-4cc9-b478-343b08d1e2a0,api
510d0067-9a3b-4bad-9ba4-ea5573a60575,2025-11-21,7960,25,0,2026-02-09 17:19:09.597892+00,9bd62564-90b3-4cc9-b478-343b08d1e2a0,api
452bea62-e74b-427f-8092-d6f81160ac57,2025-11-22,7960,19,0,2026-02-09 17:19:09.597892+00,9bd62564-90b3-4cc9-b478-343b08d1e2a0,api
0708fdb8-3c44-4290-8a7c-6fe6fd06044d,2025-11-23,7960,19,0,2026-02-09 17:19:09.597892+00,9bd62564-90b3-4cc9-b478-343b08d1e2a0,api
65c8be2a-4304-4716-83b6-eff7bc3477c8,2025-11-24,7960,11,0,2026-02-09 17:19:09.597892+00,9bd62564-90b3-4cc9-b478-343b08d1e2a0,api
5a325715-cf40-44dc-bba9-7a46d0ee45b7,2025-11-25,7960,12,0,2026-02-09 17:19:09.597892+00,9bd62564-90b3-4cc9-b478-343b08d1e2a0,api
17093ff8-9cd4-4498-af7b-caa1d3548c8c,2025-11-26,7960,24,0,2026-02-09 17:19:09.597892+00,9bd62564-90b3-4cc9-b478-343b08d1e2a0,api
d04bd0d1-9cd1-4b4e-8c4f-45d03d8953ea,2025-11-27,7960,34,0,2026-02-09 17:19:09.597892+00,9bd62564-90b3-4cc9-b478-343b08d1e2a0,api
76e02c08-3176-4d64-b54f-b89367d2ef9a,2025-11-28,7960,26,0,2026-02-09 17:19:09.597892+00,9bd62564-90b3-4cc9-b478-343b08d1e2a0,api
dd2c46fd-ed58-41d3-9fdc-f19f3218c4b6,2025-11-29,7960,9,0,2026-02-09 17:19:09.597892+00,9bd62564-90b3-4cc9-b478-343b08d1e2a0,api
e1d8970e-2d03-4a74-a86e-b6211e9e96b1,2025-11-30,11,11,0,2026-02-09 17:19:09.597892+00,9bd62564-90b3-4cc9-b478-343b08d1e2a0,csv
e11600c7-10c2-4f9b-a33e-8e8579a5df57,2025-12-01,7960,21,0,2026-02-09 17:19:09.597892+00,9bd62564-90b3-4cc9-b478-343b08d1e2a0,api
11fe4ff1-d715-4dfd-a51c-ea6271348182,2025-12-02,7960,22,0,2026-02-09 17:19:09.597892+00,9bd62564-90b3-4cc9-b478-343b08d1e2a0,api
2267d851-4e4f-400c-8885-609cd06519d0,2025-12-03,7960,14,0,2026-02-09 17:19:09.597892+00,9bd62564-90b3-4cc9-b478-343b08d1e2a0,api
5771271b-01f5-488d-899e-79a6fa4914e0,2025-12-04,7960,13,0,2026-02-09 17:19:09.597892+00,9bd62564-90b3-4cc9-b478-343b08d1e2a0,api
065f155d-a231-41b1-9cc1-2b615f1be7a5,2025-12-05,7960,17,0,2026-02-09 17:19:09.597892+00,9bd62564-90b3-4cc9-b478-343b08d1e2a0,api
75eba562-2724-4a2b-adc0-1a0c0bf869b5,2025-12-06,7960,18,0,2026-02-09 17:19:09.597892+00,9bd62564-90b3-4cc9-b478-343b08d1e2a0,api
1c471cd2-0051-440a-8733-b1de25af4b27,2025-12-07,7960,15,0,2026-02-09 17:19:09.597892+00,9bd62564-90b3-4cc9-b478-343b08d1e2a0,api
5643096c-150c-4dbc-841f-9cc9df0faea6,2025-12-08,7960,14,0,2026-02-09 17:19:09.597892+00,9bd62564-90b3-4cc9-b478-343b08d1e2a0,api
31689845-9c0b-440a-b55c-017e994d9b75,2025-12-09,7960,16,0,2026-02-09 17:19:09.597892+00,9bd62564-90b3-4cc9-b478-343b08d1e2a0,api
39a92b31-5ad6-424b-8fc5-90eee4fdec83,2025-12-10,7960,25,0,2026-02-09 17:19:09.597892+00,9bd62564-90b3-4cc9-b478-343b08d1e2a0,api
55be7b05-2ffa-4695-880c-392d12198539,2025-12-11,7960,39,0,2026-02-09 17:19:09.597892+00,9bd62564-90b3-4cc9-b478-343b08d1e2a0,api
05bb98dc-da4e-434e-93dc-1ca073b88f87,2025-12-12,7960,31,0,2026-02-09 17:19:09.597892+00,9bd62564-90b3-4cc9-b478-343b08d1e2a0,api
735b4615-dcb2-4542-9b7b-d9966b68683f,2025-12-13,7960,36,0,2026-02-09 17:19:09.597892+00,9bd62564-90b3-4cc9-b478-343b08d1e2a0,api
8fd51a02-9fa2-4b53-af2b-1bff86c8a22f,2025-12-14,7960,27,0,2026-02-09 17:19:09.597892+00,9bd62564-90b3-4cc9-b478-343b08d1e2a0,api
6dd5954a-e450-47c5-97bd-3d7dbc23ad72,2025-12-15,7960,20,0,2026-02-09 17:19:09.597892+00,9bd62564-90b3-4cc9-b478-343b08d1e2a0,api
04fd0b9a-6246-4a84-911d-7b073e142aad,2025-12-16,7960,18,0,2026-02-09 17:19:09.597892+00,9bd62564-90b3-4cc9-b478-343b08d1e2a0,api
4c6bc3e9-2b9b-40b9-9dab-f6b88bb9d815,2025-12-17,7960,27,0,2026-02-09 17:19:09.597892+00,9bd62564-90b3-4cc9-b478-343b08d1e2a0,api
41c90524-0e03-4fd5-af29-f1147a074785,2025-12-18,7960,17,0,2026-02-09 17:19:09.597892+00,9bd62564-90b3-4cc9-b478-343b08d1e2a0,api
bbb795d4-e4c7-41df-8d37-970ea43c4692,2025-12-19,7960,17,0,2026-02-09 17:19:09.597892+00,9bd62564-90b3-4cc9-b478-343b08d1e2a0,api
85a60709-4eb7-457c-9aec-150f3e01d41c,2025-12-20,7960,23,0,2026-02-09 17:19:09.597892+00,9bd62564-90b3-4cc9-b478-343b08d1e2a0,api
7cd8b976-27c1-4592-9cc9-44836ee16ae0,2025-12-21,7960,23,0,2026-02-09 17:19:09.597892+00,9bd62564-90b3-4cc9-b478-343b08d1e2a0,api
4f0a6854-af12-4f42-963b-3e70ea175cc7,2025-12-22,7960,14,0,2026-02-09 17:19:09.597892+00,9bd62564-90b3-4cc9-b478-343b08d1e2a0,api
8a9ba02f-7963-4eda-9cca-0e58b6c3bb35,2025-12-23,7960,23,0,2026-02-09 17:19:09.597892+00,9bd62564-90b3-4cc9-b478-343b08d1e2a0,api
285118af-fffa-4dec-9c6a-ee2faede79b0,2025-12-24,7960,12,0,2026-02-09 17:19:09.597892+00,9bd62564-90b3-4cc9-b478-343b08d1e2a0,api
cb69ffa2-e0cf-4724-991f-10c7010453c0,2025-12-25,7960,44,0,2026-02-09 17:19:09.597892+00,9bd62564-90b3-4cc9-b478-343b08d1e2a0,api
9ccd115f-e78d-41cc-9c28-48eb9d0469ca,2025-12-26,7960,15,0,2026-02-09 17:19:09.597892+00,9bd62564-90b3-4cc9-b478-343b08d1e2a0,api
4ce00788-9d89-4499-9461-f9cdabc1257f,2025-12-27,7960,18,0,2026-02-09 17:19:09.597892+00,9bd62564-90b3-4cc9-b478-343b08d1e2a0,api
be6b149a-ac4a-4247-9d13-57ab30d7162b,2025-12-28,7960,5,0,2026-02-09 17:19:09.597892+00,9bd62564-90b3-4cc9-b478-343b08d1e2a0,api
8ab545df-3abd-40a8-b6f4-12d7ed0201f0,2025-12-29,7960,27,0,2026-02-09 17:19:09.597892+00,9bd62564-90b3-4cc9-b478-343b08d1e2a0,api
4398ecfb-6cf1-4930-ab7c-c9e72ffd84f6,2025-12-30,7960,23,0,2026-02-09 17:19:09.597892+00,9bd62564-90b3-4cc9-b478-343b08d1e2a0,api
3b1a7cec-3e1d-4c91-add4-705a02c035cc,2025-12-31,16,16,0,2026-02-09 17:19:09.597892+00,9bd62564-90b3-4cc9-b478-343b08d1e2a0,csv
a99cf7d7-1942-40b7-a845-e3e6e3a268c2,2026-01-01,7960,23,0,2026-02-09 17:19:09.597892+00,9bd62564-90b3-4cc9-b478-343b08d1e2a0,api
0d2fee5b-544b-4331-9071-9064092d06d1,2026-01-02,7960,16,0,2026-02-09 17:19:09.597892+00,9bd62564-90b3-4cc9-b478-343b08d1e2a0,api
7425864b-dea9-45ff-88fb-5d3da4a1107c,2026-01-03,7960,21,0,2026-02-09 17:19:09.597892+00,9bd62564-90b3-4cc9-b478-343b08d1e2a0,api
4bf4bfde-669e-4502-b5a2-9e2b255b9fe5,2026-01-04,7960,31,0,2026-02-09 17:19:09.597892+00,9bd62564-90b3-4cc9-b478-343b08d1e2a0,api
12da86ba-cb06-40fc-b2fe-4a12f93d4fba,2026-01-05,7960,18,0,2026-02-09 17:19:09.597892+00,9bd62564-90b3-4cc9-b478-343b08d1e2a0,api
11c462c9-bdda-429b-8b11-9539aebe9623,2026-01-06,7960,23,0,2026-02-09 17:19:09.597892+00,9bd62564-90b3-4cc9-b478-343b08d1e2a0,api
f3297f15-7875-4b03-b897-540240a8de9e,2026-01-07,7960,29,0,2026-02-09 17:19:09.597892+00,9bd62564-90b3-4cc9-b478-343b08d1e2a0,api
d74f30a4-5055-4658-a93f-febc4b83657a,2026-01-08,7960,29,0,2026-02-09 17:19:09.597892+00,9bd62564-90b3-4cc9-b478-343b08d1e2a0,api
c722fda5-212d-4303-b0db-a743c75b4684,2026-01-09,7960,19,0,2026-02-09 17:19:09.597892+00,9bd62564-90b3-4cc9-b478-343b08d1e2a0,api
01f060ef-49d1-448c-a691-6929963d2350,2026-01-10,7960,15,0,2026-02-09 17:19:09.597892+00,9bd62564-90b3-4cc9-b478-343b08d1e2a0,api
fad589a8-ea25-46b6-99c7-d1174a41f02c,2026-01-11,7960,19,0,2026-02-09 17:19:09.597892+00,9bd62564-90b3-4cc9-b478-343b08d1e2a0,api
5d279dfa-b6a3-4a16-b922-6e8e7a76572d,2026-01-12,7960,24,0,2026-02-09 17:19:09.597892+00,9bd62564-90b3-4cc9-b478-343b08d1e2a0,api
28c38dfe-bb8c-476d-9753-d6c7d7c4115d,2026-01-13,7960,29,0,2026-02-09 17:19:09.597892+00,9bd62564-90b3-4cc9-b478-343b08d1e2a0,api
f18a3980-4cce-4a67-b908-2268144297fd,2026-01-14,7960,29,0,2026-02-09 17:19:09.597892+00,9bd62564-90b3-4cc9-b478-343b08d1e2a0,api
20b60cb4-bc2a-4e34-ab28-16b644c1c219,2026-01-15,7960,15,0,2026-02-09 17:19:09.597892+00,9bd62564-90b3-4cc9-b478-343b08d1e2a0,api
4d39b619-910e-4e4b-a291-bd70773f5122,2026-01-16,7960,13,0,2026-02-09 17:19:09.597892+00,9bd62564-90b3-4cc9-b478-343b08d1e2a0,api
73bb531d-7401-4b34-b3cd-a6f85c048d78,2026-01-17,7960,25,0,2026-02-09 17:19:09.597892+00,9bd62564-90b3-4cc9-b478-343b08d1e2a0,api
38e2dd7a-4209-4d95-947b-afee042d4fda,2026-01-18,7960,23,0,2026-02-09 17:19:09.597892+00,9bd62564-90b3-4cc9-b478-343b08d1e2a0,api
c7e9521c-9aa0-42f0-b22e-66faf5f6d5a6,2026-01-19,7960,19,0,2026-02-09 17:19:09.597892+00,9bd62564-90b3-4cc9-b478-343b08d1e2a0,api
5e82ce0b-9d6c-42f2-a0a9-3e45859c12a9,2026-01-20,7960,26,0,2026-02-09 17:19:09.597892+00,9bd62564-90b3-4cc9-b478-343b08d1e2a0,api
7f038660-e297-4e2e-8c23-05db87fa684a,2026-01-21,7960,18,0,2026-02-09 17:19:09.597892+00,9bd62564-90b3-4cc9-b478-343b08d1e2a0,api
31a91707-878d-49cb-9733-6782d79e8c37,2026-01-22,7960,18,0,2026-02-09 17:19:09.597892+00,9bd62564-90b3-4cc9-b478-343b08d1e2a0,api
396e3cc8-de31-40fb-99f1-de70df7954b1,2026-01-23,7960,17,0,2026-02-09 17:19:09.597892+00,9bd62564-90b3-4cc9-b478-343b08d1e2a0,api
c8df6500-4f04-4db3-8f59-8a01be2654de,2026-01-24,7960,21,0,2026-02-09 17:19:09.597892+00,9bd62564-90b3-4cc9-b478-343b08d1e2a0,api
f393dd4a-24f9-42e2-a854-6f47e3e1b5d6,2026-01-25,7960,15,0,2026-02-09 17:19:09.597892+00,9bd62564-90b3-4cc9-b478-343b08d1e2a0,api
a2c39c60-6a60-42aa-80a4-61ba43c8f54e,2026-01-26,7960,15,0,2026-02-09 17:19:09.597892+00,9bd62564-90b3-4cc9-b478-343b08d1e2a0,api
20a5c901-4437-4af9-b009-38ca0b1b1fcb,2026-01-27,7960,20,0,2026-02-09 17:19:09.597892+00,9bd62564-90b3-4cc9-b478-343b08d1e2a0,api
9bbc4ef0-6fde-484d-bbbf-c7b49b1ae080,2026-01-28,7960,12,0,2026-02-09 17:19:09.597892+00,9bd62564-90b3-4cc9-b478-343b08d1e2a0,api
b2880e85-773f-46d3-8e70-82eef43e11de,2026-01-29,7960,17,0,2026-02-09 17:19:09.597892+00,9bd62564-90b3-4cc9-b478-343b08d1e2a0,api
7d5ff855-8ff7-4482-a91b-a7adffb99c1c,2026-01-30,7960,19,0,2026-02-09 17:19:09.597892+00,9bd62564-90b3-4cc9-b478-343b08d1e2a0,api
6d16f271-2087-45cf-838c-89034bf214dd,2026-01-31,18,18,0,2026-02-09 17:19:09.597892+00,9bd62564-90b3-4cc9-b478-343b08d1e2a0,csv
754c4e34-0f66-453c-af4c-1b6f0c19a738,2026-03-01,,0,0,2026-03-31 10:54:22.323979+00,,api
ba1f1994-ab9c-4321-904e-8b5aca2568e4,2026-03-02,,0,0,2026-03-31 10:54:22.323979+00,,api
578799b1-9ed6-4a98-a2e4-3e93a49c2dd7,2026-03-03,,0,0,2026-03-31 10:54:22.323979+00,,api
d9ccf3e3-c242-4199-b85b-24d153195d92,2026-03-04,,0,0,2026-03-31 10:54:22.323979+00,,api
92bc5214-ea83-410c-a0d6-3b4ea9ee2979,2026-03-05,,0,0,2026-03-31 10:54:22.323979+00,,api
3721e13b-e79b-4dbe-9e37-0b65593d25ae,2026-03-06,,0,0,2026-03-31 10:54:22.323979+00,,api
34c253a7-1476-43be-8160-1cdb2057663d,2026-03-07,,0,0,2026-03-31 10:54:22.323979+00,,api
604c1938-3b47-43ba-9f8f-03f4b8dd49d7,2026-03-08,,0,0,2026-03-31 10:54:22.323979+00,,api
c6706bb7-1bf7-44bb-b738-ee3b12d8f970,2026-03-09,,0,0,2026-03-31 10:54:22.323979+00,,api
1c137e98-e81f-481e-ac81-6800a10c3bb9,2026-03-10,,0,0,2026-03-12 13:16:42.902494+00,,api
4a4ecb0e-047b-4d63-9326-c41f0729e9f3,2026-03-11,,0,0,2026-03-12 13:33:07.687533+00,,api
d613f1c9-6cad-4ab9-811e-b064873572d4,2026-03-12,,0,0,2026-03-31 10:54:22.323979+00,,api
67b522f6-82a2-4398-b4bb-e02e659f0f69,2026-03-13,,0,0,2026-03-31 10:54:22.323979+00,,api
97f4e946-d872-49a8-974b-cb7173c25ebd,2026-03-14,,0,0,2026-03-31 10:54:22.323979+00,,api
ca0d7dbf-526e-48a6-aca5-55b383e88558,2026-03-15,,0,0,2026-03-31 10:54:22.323979+00,,api
9e7f7701-e2cd-497b-976f-559e28ea6f2b,2026-03-16,,0,0,2026-03-31 10:54:22.323979+00,,api
3c5fae48-f6ad-449b-a52b-551c093c63f5,2026-03-17,,0,0,2026-03-31 10:54:22.323979+00,,api
42da06f2-255e-409c-a66c-685ddcd64cec,2026-03-18,,0,0,2026-03-31 10:54:22.323979+00,,api
b68f3a92-55d0-42cb-97b2-32c7eeba0b3e,2026-03-19,,0,0,2026-03-31 10:54:22.323979+00,,api
c5a02106-fcaf-4585-aa9c-06aca117b6bc,2026-03-20,,0,0,2026-03-31 10:54:22.323979+00,,api
9521ba31-123a-4538-80f5-99cedd35b307,2026-03-21,,0,0,2026-03-31 10:54:22.323979+00,,api
a27092c9-3ad0-4af3-90c6-389de18a9834,2026-03-22,,0,0,2026-03-29 09:00:13.223994+00,,api
9a1ef8fb-5748-4eb7-8129-ee19db52919a,2026-03-23,,0,0,2026-03-29 09:00:13.223994+00,,api
2e669fe1-daab-4761-9a47-c874a5dd0625,2026-03-24,,0,0,2026-03-29 09:00:13.223994+00,,api
918d0a98-dabc-4f3a-a794-1e86a9cc6684,2026-03-25,,0,0,2026-03-29 09:00:13.223994+00,,api
e8185ac0-0e33-4a6f-9e57-7b05f2d6badf,2026-03-26,,0,0,2026-03-29 09:00:13.223994+00,,api
14940b11-b8ae-453c-aa28-98109f0b74b6,2026-03-27,,0,0,2026-03-29 09:00:13.223994+00,,api
3abd445c-5c5f-4f5c-b132-4d0dc849264f,2026-03-28,,0,0,2026-03-30 09:00:13.63461+00,,api
ed9aa15f-1c84-4fa6-a303-b2d398e9faca,2026-03-29,,0,0,2026-03-31 10:45:15.665293+00,,api
e64c8c6d-c0fa-4169-ac9b-5d1cabb823ed,2026-03-30,,0,0,2026-04-01 07:00:29.272834+00,,api
29801aeb-d280-4d30-90d9-29f92e1ea48f,2026-03-31,,0,0,2026-04-02 07:00:14.305948+00,,api
7c444b29-5e59-4df9-9ea4-336f426ea72a,2026-04-01,,0,0,2026-04-03 07:00:12.293482+00,,api
16c40125-d43e-4b86-a1e7-6491a9a1d153,2026-04-02,,0,0,2026-04-04 07:00:12.211709+00,,api
c3bd5f28-10ce-49bb-ba94-74bc945c6731,2026-04-03,,0,0,2026-04-05 07:00:11.019708+00,,api
47f15a66-3396-4b85-980c-d7101805705c,2026-04-04,,0,0,2026-04-06 07:00:09.600548+00,,api
cf1a02c9-a3f3-47ac-98bf-c6e9ccb7aed9,2026-04-05,,0,0,2026-04-07 07:00:12.577396+00,,api
bc2c88f2-5a0c-4a9d-a2b2-e9b73a7fad4a,2026-04-06,,0,0,2026-04-08 07:00:07.226441+00,,api
c9d2db03-c335-41c1-bf2f-09f87e9a23a6,2026-04-07,,0,0,2026-04-09 07:00:06.883561+00,,api
5415d8eb-2281-4cc6-951f-8f15f2ceea69,2026-04-08,,0,0,2026-04-10 07:00:06.229226+00,,api
cb083ab6-3ae2-4bb8-afe1-e008dff4ebd1,2026-04-09,,0,0,2026-04-11 07:00:06.760756+00,,api
baea1bb2-3e3d-43af-8ab0-1b9829926ee8,2026-04-10,,0,0,2026-04-12 07:00:05.773574+00,,api
8e98764b-977e-409b-84d2-ed52bbaf6a7a,2026-04-11,,0,0,2026-04-13 07:00:06.89433+00,,api
07225038-1267-431d-a60b-5f9b96da8f2e,2026-04-12,,0,0,2026-04-14 07:00:08.250286+00,,api
b6d82974-cf63-40b9-9156-6d55639ecf76,2026-04-13,,0,0,2026-04-15 07:00:06.110385+00,,api
684b90a5-f529-4b06-b36c-703c9274d20d,2026-04-14,,0,0,2026-04-16 07:00:06.561411+00,,api
ea66157c-da7a-492c-b0a7-951a1196c3c7,2026-04-15,,0,0,2026-04-17 07:00:04.597282+00,,api
105c089b-a75d-47c7-87d9-2d3da299a2a9,2026-04-16,,0,0,2026-04-18 07:00:05.002523+00,,api
58e3d960-ed34-4e7a-a52f-8488a370c9b9,2026-04-17,,0,0,2026-04-19 07:00:06.21899+00,,api
aeab33f3-a53f-4b8d-afd9-f1c1ff3f9f68,2026-04-18,,0,0,2026-04-20 07:00:06.445651+00,,api
788eebbb-0926-4bcb-afaa-773a9680b4fa,2026-04-19,,0,0,2026-04-21 07:00:06.663071+00,,api
cbb66994-f553-4767-b9c6-eeb40a972590,2026-04-20,,0,0,2026-04-22 07:00:12.653843+00,,api
d9e5de92-c28f-419a-8b28-166d50d29ce1,2026-04-21,,0,0,2026-04-23 07:00:06.106609+00,,api
78e4b0e9-cbde-46b9-8f4a-1ee2052b23aa,2026-04-22,,0,0,2026-04-24 07:00:06.097972+00,,api
7dc8ee2a-cddc-4df1-9847-6d8cae05b694,2026-04-23,,0,0,2026-04-25 07:00:15.543646+00,,api
53c6cd57-e28b-46df-8e78-9dc04d4e8a6c,2026-04-24,,0,0,2026-04-26 07:00:06.508091+00,,api
968148e4-f92b-4c04-8c1a-026fa34850f9,2026-04-25,,0,0,2026-04-27 07:00:09.197541+00,,api
cf0b67f7-8a32-48a5-b69a-6cfe797e6068,2026-04-26,,0,0,2026-04-28 07:00:07.323245+00,,api
1524cdd5-e258-4e96-aacf-865d2fe2e514,2026-04-27,,0,0,2026-04-29 07:00:06.757717+00,,api
93e0a767-ee87-4b44-908e-69ad394ddf81,2026-04-28,,0,0,2026-04-30 07:00:06.299848+00,,api
67c38b4e-351e-4c32-bcd0-f3d0adea390b,2026-04-29,,0,0,2026-05-01 07:00:20.149652+00,,api
bfcc86bd-795e-44ac-b8ea-ca2437fa6f0a,2026-04-30,,0,0,2026-05-02 07:00:04.824094+00,,api
da99e7e7-5ea2-4766-aa55-fef58295fb85,2026-05-01,,0,0,2026-05-03 07:00:05.348162+00,,api
f5f75214-fd1c-42d8-93e3-3a65acc0e428,2026-05-02,,0,0,2026-05-04 07:00:06.586036+00,,api
